PubmedID,Title,Publication Date,Non-academic Authors,Company Affiliations,Corresponding Author Email
40072452,Evaluation of the European Organisation for Research and Treatment of Cancer Quality of Life Questionnaire Core 15 Palliative Care and the Functional Assessment of Chronic Illness Therapy-Palliative in assessing the quality of life in patients with advanced cancer.,2025-Mar-12,,,
40072444,Risk Prediction Models for Sentinel Node Positivity in Melanoma: A Systematic Review and Meta-Analysis.,2025-Mar-12,,,
40072437,Exercise and Psychosexual Education to Improve Sexual Function in Men With Prostate Cancer: A Randomized Clinical Trial.,2025-Mar-03,,,
40072432,Frailty Trajectories Following Adjuvant Chemotherapy and Mortality in Older Women With Breast Cancer.,2025-Mar-03,,,
40072429,Estimation and Hypothesis Testing of Strain-Specific Vaccine Efficacy With Missing Strain Types With Application to a COVID-19 Vaccine Trial.,2025-Mar-15,,,
40072404,Response to Wong et al.,2025-Feb-19,,,
40072389,Moving toward better outcomes: Time to be active before lung cancerÂ surgery.,2025-Mar-11,,,
40072380,"A novel dominant-negative variant of IRF8 in a mother and son: Clinical, phenotypic and biological characteristics.",2025-Mar-08,"Correia, Zhang, Li","Department of Pharmacology, Mayo Clinic, Rochester, Minn., Department of Pharmacology, Mayo Clinic, Rochester, Minn., Department of Pharmacology, Mayo Clinic, Rochester, Minn.",
40072370,Nanozyme-Based Strategies in Cancer Immunotherapy: Overcoming Resistance to Enhance Therapeutic Efficacy.,2025-Feb-18,,,
40072360,Effectiveness of ERAS program on postoperative recovery after gastric cancer surgery: a randomized clinical trial.,2025-Mar-12,,,
